universityId,universityGroupId,name,campusName,emblem,status,fileExists
"seoul-national-university-gwanak","seoul-national-university-gwanak","서울대학교","본교","assets/university-logos/seoul-national-university.png","verified","true"
"korea-university-seoul","korea-university-seoul","고려대학교 서울캠퍼스","캠퍼스","assets/university-emblems/placeholder-emblem.svg","missing","true"
"yonsei-university-sinchon","yonsei-university-sinchon","연세대학교 신촌캠퍼스","캠퍼스","assets/university-emblems/placeholder-emblem.svg","missing","true"
"skku-university-insa","skku-university-insa","성균관대학교 인사캠퍼스","캠퍼스","assets/university-emblems/placeholder-emblem.svg","missing","true"
"hanyang-university-seoul","hanyang-university-seoul","한양대학교 서울캠퍼스","캠퍼스","assets/university-emblems/placeholder-emblem.svg","missing","true"
"university-of-seoul","university-of-seoul","서울시립대학교","본교","assets/university-emblems/placeholder-emblem.svg","missing","true"
"konkuk-university-seoul","konkuk-university-seoul","건국대학교 서울캠퍼스","캠퍼스","assets/university-emblems/placeholder-emblem.svg","missing","true"
"cau-university-seoul","cau-university-seoul","중앙대학교 서울캠퍼스","캠퍼스","assets/university-emblems/placeholder-emblem.svg","missing","true"
"kyunghee-university-seoul","kyunghee-university-seoul","경희대학교 서울캠퍼스","캠퍼스","assets/university-emblems/placeholder-emblem.svg","missing","true"
"pusan-national-university","pusan-national-university","부산대학교","본교","assets/university-emblems/placeholder-emblem.svg","missing","true"
"inha-university","inha-university","인하대학교","본교","assets/university-emblems/placeholder-emblem.svg","missing","true"
"kyungpook-national-university","kyungpook-national-university","경북대학교","본교","assets/university-emblems/placeholder-emblem.svg","missing","true"
"chonbuk-national-university","chonbuk-national-university","전북대학교","본교","assets/university-emblems/placeholder-emblem.svg","missing","true"
"chonnam-national-university","chonnam-national-university","전남대학교","본교","assets/university-emblems/placeholder-emblem.svg","missing","true"
"jeju-national-university","jeju-national-university","제주대학교","본교","assets/university-emblems/placeholder-emblem.svg","missing","true"
"chungnam-national-university","chungnam-national-university","충남대학교","본교","assets/university-emblems/placeholder-emblem.svg","missing","true"
"chungbuk-national-university","chungbuk-national-university","충북대학교","본교","assets/university-emblems/placeholder-emblem.svg","missing","true"
"kangwon-national-university","kangwon-national-university","강원대학교","본교","assets/university-emblems/placeholder-emblem.svg","missing","true"
"gyeongsang-national-university","gyeongsang-national-university","경상국립대학교","본교","assets/university-emblems/placeholder-emblem.svg","missing","true"
"busan-national-university-of-education","busan-national-university-of-education","부산교육대학교","본교","assets/university-emblems/placeholder-emblem.svg","missing","true"
"seoul-national-university-of-education","seoul-national-university-of-education","서울교육대학교","본교","assets/university-emblems/placeholder-emblem.svg","missing","true"
"korea-national-university-of-education","korea-national-university-of-education","한국교원대학교","본교","assets/university-emblems/placeholder-emblem.svg","missing","true"
"korea-university-of-technology-and-education","korea-university-of-technology-and-education","한국기술교육대학교","본교","assets/university-emblems/placeholder-emblem.svg","missing","true"
"korea-marine-and-ocean-university","korea-marine-and-ocean-university","한국해양대학교","본교","assets/university-emblems/placeholder-emblem.svg","missing","true"
"korea-aerospace-university","korea-aerospace-university","한국항공대학교","본교","assets/university-emblems/placeholder-emblem.svg","missing","true"
"ewha-womans-university","ewha-womans-university","이화여자대학교","본교","assets/university-emblems/placeholder-emblem.svg","missing","true"
"sogang-university","sogang-university","서강대학교","본교","assets/university-emblems/placeholder-emblem.svg","missing","true"
"hufs-seoul","hufs-seoul","한국외국어대학교 서울캠퍼스","캠퍼스","assets/university-emblems/placeholder-emblem.svg","missing","true"
"dongguk-university-seoul","dongguk-university-seoul","동국대학교 서울캠퍼스","캠퍼스","assets/university-emblems/placeholder-emblem.svg","missing","true"
"hongik-university-seoul","hongik-university-seoul","홍익대학교 서울캠퍼스","캠퍼스","assets/university-emblems/placeholder-emblem.svg","missing","true"
"kookmin-university","kookmin-university","국민대학교","본교","assets/university-emblems/placeholder-emblem.svg","missing","true"
"soongsil-university","soongsil-university","숭실대학교","본교","assets/university-emblems/placeholder-emblem.svg","missing","true"
"sejong-university","sejong-university","세종대학교","본교","assets/university-emblems/placeholder-emblem.svg","missing","true"
"ajou-university","ajou-university","아주대학교","본교","assets/university-emblems/placeholder-emblem.svg","missing","true"
"gachon-university-global","gachon-university-global","가천대학교 글로벌캠퍼스","캠퍼스","assets/university-emblems/placeholder-emblem.svg","missing","true"
"dankook-university-jukjeon","dankook-university-jukjeon","단국대학교 죽전캠퍼스","캠퍼스","assets/university-emblems/placeholder-emblem.svg","missing","true"
"kyonggi-university-suwon","kyonggi-university-suwon","경기대학교 수원캠퍼스","캠퍼스","assets/university-emblems/placeholder-emblem.svg","missing","true"
"kaist-daejeon","kaist-daejeon","한국과학기술원","본교","assets/university-emblems/placeholder-emblem.svg","missing","true"
"postech","postech","포항공과대학교","본교","assets/university-emblems/placeholder-emblem.svg","missing","true"
"unist","unist","울산과학기술원","본교","assets/university-emblems/placeholder-emblem.svg","missing","true"
"dgist","dgist","대구경북과학기술원","본교","assets/university-emblems/placeholder-emblem.svg","missing","true"
"pukyong-national-university-daeyeon","pukyong-national-university-daeyeon","부경대학교 대연캠퍼스","캠퍼스","assets/university-emblems/placeholder-emblem.svg","missing","true"
"donga-university-seunghak","donga-university-seunghak","동아대학교 승학캠퍼스","캠퍼스","assets/university-emblems/placeholder-emblem.svg","missing","true"
"yeungnam-university-gyeongsan","yeungnam-university-gyeongsan","영남대학교 경산캠퍼스","캠퍼스","assets/university-emblems/placeholder-emblem.svg","missing","true"
"chosun-university","chosun-university","조선대학교","본교","assets/university-emblems/placeholder-emblem.svg","missing","true"
"kyungdong-university-제4캠퍼","kyungdong-university-제4캠퍼","경동대학교 제4캠퍼","캠퍼스","assets/university-emblems/placeholder-emblem.svg","missing","true"
"kyungdong-university-제3캠퍼","kyungdong-university-제3캠퍼","경동대학교 제3캠퍼","캠퍼스","assets/university-emblems/placeholder-emblem.svg","missing","true"
"kyungdong-university-제2캠퍼","kyungdong-university-제2캠퍼","경동대학교 제2캠퍼","캠퍼스","assets/university-emblems/placeholder-emblem.svg","missing","true"
"kyungdong-university-본교","kyungdong-university-본교","경동대학교","본교","assets/university-emblems/placeholder-emblem.svg","missing","true"
"kyungnam-university-본교","kyungnam-university-본교","경남대학교","본교","assets/university-emblems/placeholder-emblem.svg","missing","true"
"kyonggi-university-제2캠퍼","kyonggi-university-제2캠퍼","경기대학교 제2캠퍼","캠퍼스","assets/university-emblems/placeholder-emblem.svg","missing","true"
"konyang-university-제2캠퍼","konyang-university-제2캠퍼","건양대학교 제2캠퍼","캠퍼스","assets/university-emblems/placeholder-emblem.svg","missing","true"
"konyang-university-본교","konyang-university-본교","건양대학교","본교","assets/university-emblems/placeholder-emblem.svg","missing","true"
"konkuk-university-분교","konkuk-university-분교","건국대학교(글로컬) 분교","캠퍼스","assets/university-emblems/placeholder-emblem.svg","missing","true"
"gangseo-university-본교","gangseo-university-본교","강서대학교","본교","assets/university-emblems/placeholder-emblem.svg","missing","true"
"kangnam-university-본교","kangnam-university-본교","강남대학교","본교","assets/university-emblems/placeholder-emblem.svg","missing","true"
"methodist-theological-university-본교","methodist-theological-university-본교","감리교신학대학교","본교","assets/university-emblems/placeholder-emblem.svg","missing","true"
"the-catholic-university-of-korea-제3캠퍼","the-catholic-university-of-korea-제3캠퍼","가톨릭대학교 제3캠퍼","캠퍼스","assets/university-emblems/placeholder-emblem.svg","missing","true"
"the-catholic-university-of-korea-제2캠퍼","the-catholic-university-of-korea-제2캠퍼","가톨릭대학교 제2캠퍼","캠퍼스","assets/university-emblems/placeholder-emblem.svg","missing","true"
"the-catholic-university-of-korea-본교","the-catholic-university-of-korea-본교","가톨릭대학교","본교","assets/university-emblems/placeholder-emblem.svg","missing","true"
"catholic-kwandong-university-본교","catholic-kwandong-university-본교","가톨릭관동대학교","본교","assets/university-emblems/placeholder-emblem.svg","missing","true"
"kaya-university-본교","kaya-university-본교","가야대학교(김해)","본교","assets/university-emblems/placeholder-emblem.svg","missing","true"
"kaya-university-제2캠퍼","kaya-university-제2캠퍼","가야대학교(고령) 제2캠퍼","캠퍼스","assets/university-emblems/placeholder-emblem.svg","missing","true"
"mokpo-national-university-본교","mokpo-national-university-본교","국립목포대학교","본교","assets/university-emblems/placeholder-emblem.svg","missing","true"
"kumoh-national-institute-of-technology-본교","kumoh-national-institute-of-technology-본교","국립금오공과대학교","본교","assets/university-emblems/placeholder-emblem.svg","missing","true"
"kunsan-national-university-본교","kunsan-national-university-본교","국립군산대학교","본교","assets/university-emblems/placeholder-emblem.svg","missing","true"
"kongju-national-university-본교","kongju-national-university-본교","국립공주대학교","본교","assets/university-emblems/placeholder-emblem.svg","missing","true"
"gyeongguk-national-university-본교","gyeongguk-national-university-본교","국립경국대학교","본교","assets/university-emblems/placeholder-emblem.svg","missing","true"
"gangneung-wonju-national-university-제2캠퍼","gangneung-wonju-national-university-제2캠퍼","국립강릉원주대학교 제2캠퍼","캠퍼스","assets/university-emblems/placeholder-emblem.svg","missing","true"
"gangneung-wonju-national-university-본교","gangneung-wonju-national-university-본교","국립강릉원주대학교","본교","assets/university-emblems/placeholder-emblem.svg","missing","true"
"kwangju-womens-university-본교","kwangju-womens-university-본교","광주여자대학교","본교","assets/university-emblems/placeholder-emblem.svg","missing","true"
"gwangju-university-본교","gwangju-university-본교","광주대학교","본교","assets/university-emblems/placeholder-emblem.svg","missing","true"
"gwangju-national-university-of-education-본교","gwangju-national-university-of-education-본교","광주교육대학교","본교","assets/university-emblems/placeholder-emblem.svg","missing","true"
"gwangju-institute-of-science-and-technology-본교","gwangju-institute-of-science-and-technology-본교","광주과학기술원","본교","assets/university-emblems/placeholder-emblem.svg","missing","true"
"gwangju-catholic-university-본교","gwangju-catholic-university-본교","광주가톨릭대학교","본교","assets/university-emblems/placeholder-emblem.svg","missing","true"
"kwangwoon-university-본교","kwangwoon-university-본교","광운대학교","본교","assets/university-emblems/placeholder-emblem.svg","missing","true"
"kwangshin-university-본교","kwangshin-university-본교","광신대학교","본교","assets/university-emblems/placeholder-emblem.svg","missing","true"
"gongju-national-university-of-education-본교","gongju-national-university-of-education-본교","공주교육대학교","본교","assets/university-emblems/placeholder-emblem.svg","missing","true"
"kosin-university-본교","kosin-university-본교","고신대학교","본교","assets/university-emblems/placeholder-emblem.svg","missing","true"
"korea-university-sejong-campus-분교","korea-university-sejong-campus-분교","고려대학교(세종) 분교","캠퍼스","assets/university-emblems/placeholder-emblem.svg","missing","true"
"keimyung-university-본교","keimyung-university-본교","계명대학교","본교","assets/university-emblems/placeholder-emblem.svg","missing","true"
"kyungil-university-본교","kyungil-university-본교","경일대학교","본교","assets/university-emblems/placeholder-emblem.svg","missing","true"
"gyeongin-national-university-of-education-제2캠퍼","gyeongin-national-university-of-education-제2캠퍼","경인교육대학교 제2캠퍼","캠퍼스","assets/university-emblems/placeholder-emblem.svg","missing","true"
"gyeongin-national-university-of-education-본교","gyeongin-national-university-of-education-본교","경인교육대학교","본교","assets/university-emblems/placeholder-emblem.svg","missing","true"
"kyungwoon-university-본교","kyungwoon-university-본교","경운대학교","본교","assets/university-emblems/placeholder-emblem.svg","missing","true"
"kyungsung-university-본교","kyungsung-university-본교","경성대학교","본교","assets/university-emblems/placeholder-emblem.svg","missing","true"
"daegu-university-본교","daegu-university-본교","대구대학교","본교","assets/university-emblems/placeholder-emblem.svg","missing","true"
"daegu-national-university-of-education-본교","daegu-national-university-of-education-본교","대구교육대학교","본교","assets/university-emblems/placeholder-emblem.svg","missing","true"
"daegu-catholic-university-본교","daegu-catholic-university-본교","대구가톨릭대학교","본교","assets/university-emblems/placeholder-emblem.svg","missing","true"
"dankook-university-제2캠퍼","dankook-university-제2캠퍼","단국대학교 제2캠퍼","캠퍼스","assets/university-emblems/placeholder-emblem.svg","missing","true"
"namseoul-university-본교","namseoul-university-본교","남서울대학교","본교","assets/university-emblems/placeholder-emblem.svg","missing","true"
"nambu-university-본교","nambu-university-본교","남부대학교","본교","assets/university-emblems/placeholder-emblem.svg","missing","true"
"korea-nazarene-university-본교","korea-nazarene-university-본교","나사렛대학교","본교","assets/university-emblems/placeholder-emblem.svg","missing","true"
"gimcheon-university-본교","gimcheon-university-본교","김천대학교","본교","assets/university-emblems/placeholder-emblem.svg","missing","true"
"geumgang-university-본교","geumgang-university-본교","금강대학교","본교","assets/university-emblems/placeholder-emblem.svg","missing","true"
"far-east-university-본교","far-east-university-본교","극동대학교","본교","assets/university-emblems/placeholder-emblem.svg","missing","true"
"hanbat-national-university-본교","hanbat-national-university-본교","국립한밭대학교","본교","assets/university-emblems/placeholder-emblem.svg","missing","true"
"korea-national-university-of-transportation-본교","korea-national-university-of-transportation-본교","국립한국교통대학교","본교","assets/university-emblems/placeholder-emblem.svg","missing","true"
"changwon-national-university-제3캠퍼","changwon-national-university-제3캠퍼","국립창원대학교(남해캠퍼스) 제3캠퍼","캠퍼스","assets/university-emblems/placeholder-emblem.svg","missing","true"
"changwon-national-university-제2캠퍼","changwon-national-university-제2캠퍼","국립창원대학교(거창캠퍼스) 제2캠퍼","캠퍼스","assets/university-emblems/placeholder-emblem.svg","missing","true"
"changwon-national-university-본교","changwon-national-university-본교","국립창원대학교","본교","assets/university-emblems/placeholder-emblem.svg","missing","true"
"sunchon-national-university-본교","sunchon-national-university-본교","국립순천대학교","본교","assets/university-emblems/placeholder-emblem.svg","missing","true"
"mokpo-national-maritime-university-본교","mokpo-national-maritime-university-본교","국립목포해양대학교","본교","assets/university-emblems/placeholder-emblem.svg","missing","true"
"busan-university-of-foreign-studies-본교","busan-university-of-foreign-studies-본교","부산외국어대학교","본교","assets/university-emblems/placeholder-emblem.svg","missing","true"
"catholic-university-of-pusan-본교","catholic-university-of-pusan-본교","부산가톨릭대학교","본교","assets/university-emblems/placeholder-emblem.svg","missing","true"
"baekseok-university-본교","baekseok-university-본교","백석대학교","본교","assets/university-emblems/placeholder-emblem.svg","missing","true"
"pai-chai-university-본교","pai-chai-university-본교","배재대학교","본교","assets/university-emblems/placeholder-emblem.svg","missing","true"
"mokpo-catholic-university-본교","mokpo-catholic-university-본교","목포가톨릭대학교","본교","assets/university-emblems/placeholder-emblem.svg","missing","true"
"mokwon-university-본교","mokwon-university-본교","목원대학교","본교","assets/university-emblems/placeholder-emblem.svg","missing","true"
"myongji-university-social-science-campus-제2캠퍼","myongji-university-social-science-campus-제2캠퍼","명지대학교 제2캠퍼","캠퍼스","assets/university-emblems/placeholder-emblem.svg","missing","true"
"myongji-university-natural-science-campus-본교","myongji-university-natural-science-campus-본교","명지대학교","본교","assets/university-emblems/placeholder-emblem.svg","missing","true"
"luther-university-본교","luther-university-본교","루터대학교","본교","assets/university-emblems/placeholder-emblem.svg","missing","true"
"dong-eui-university-본교","dong-eui-university-본교","동의대학교","본교","assets/university-emblems/placeholder-emblem.svg","missing","true"
"dongyang-university-본교","dongyang-university-본교","동양대학교","본교","assets/university-emblems/placeholder-emblem.svg","missing","true"
"dongshinuniversity-본교","dongshinuniversity-본교","동신대학교","본교","assets/university-emblems/placeholder-emblem.svg","missing","true"
"dongseo-university-본교","dongseo-university-본교","동서대학교","본교","assets/university-emblems/placeholder-emblem.svg","missing","true"
"tongmyong-university-본교","tongmyong-university-본교","동명대학교","본교","assets/university-emblems/placeholder-emblem.svg","missing","true"
"dongduk-womens-university-본교","dongduk-womens-university-본교","동덕여자대학교","본교","assets/university-emblems/placeholder-emblem.svg","missing","true"
"dongguk-university-분교","dongguk-university-분교","동국대학교(WISE) 분교","캠퍼스","assets/university-emblems/placeholder-emblem.svg","missing","true"
"duksung-womens-university-본교","duksung-womens-university-본교","덕성여자대학교","본교","assets/university-emblems/placeholder-emblem.svg","missing","true"
"daejin-university-본교","daejin-university-본교","대진대학교","본교","assets/university-emblems/placeholder-emblem.svg","missing","true"
"daejeon-theological-university-본교","daejeon-theological-university-본교","대전신학대학교","본교","assets/university-emblems/placeholder-emblem.svg","missing","true"
"daejeon-university-본교","daejeon-university-본교","대전대학교","본교","assets/university-emblems/placeholder-emblem.svg","missing","true"
"daejeoncatholicuniversity-본교","daejeoncatholicuniversity-본교","대전가톨릭대학교","본교","assets/university-emblems/placeholder-emblem.svg","missing","true"
"daeshin-university-본교","daeshin-university-본교","대신대학교","본교","assets/university-emblems/placeholder-emblem.svg","missing","true"
"daegu-haany-university-본교","daegu-haany-university-본교","대구한의대학교","본교","assets/university-emblems/placeholder-emblem.svg","missing","true"
"semyung-university-본교","semyung-university-본교","세명대학교","본교","assets/university-emblems/placeholder-emblem.svg","missing","true"
"sungshin-womens-university-본교","sungshin-womens-university-본교","성신여자대학교","본교","assets/university-emblems/placeholder-emblem.svg","missing","true"
"sungkonghoe-university-본교","sungkonghoe-university-본교","성공회대학교","본교","assets/university-emblems/placeholder-emblem.svg","missing","true"
"sungkyul-university-본교","sungkyul-university-본교","성결대학교","본교","assets/university-emblems/placeholder-emblem.svg","missing","true"
"sun-moon-university-본교","sun-moon-university-본교","선문대학교","본교","assets/university-emblems/placeholder-emblem.svg","missing","true"
"seowon-university-본교","seowon-university-본교","서원대학교","본교","assets/university-emblems/placeholder-emblem.svg","missing","true"
"seoul-hanyoung-university-본교","seoul-hanyoung-university-본교","서울한영대학교","본교","assets/university-emblems/placeholder-emblem.svg","missing","true"
"seoul-jangsin-university-본교","seoul-jangsin-university-본교","서울장신대학교","본교","assets/university-emblems/placeholder-emblem.svg","missing","true"
"seoul-womens-university-본교","seoul-womens-university-본교","서울여자대학교","본교","assets/university-emblems/placeholder-emblem.svg","missing","true"
"seoul-theological-university-본교","seoul-theological-university-본교","서울신학대학교","본교","assets/university-emblems/placeholder-emblem.svg","missing","true"
"seoul-christian-university-본교","seoul-christian-university-본교","서울기독대학교","본교","assets/university-emblems/placeholder-emblem.svg","missing","true"
"seoul-national-university-of-science-and-technology-본교","seoul-national-university-of-science-and-technology-본교","서울과학기술대학교","본교","assets/university-emblems/placeholder-emblem.svg","missing","true"
"seokyeong-university-본교","seokyeong-university-본교","서경대학교","본교","assets/university-emblems/placeholder-emblem.svg","missing","true"
"sangji-university-본교","sangji-university-본교","상지대학교","본교","assets/university-emblems/placeholder-emblem.svg","missing","true"
"sangmyung-university-제2캠퍼","sangmyung-university-제2캠퍼","상명대학교 제2캠퍼","캠퍼스","assets/university-emblems/placeholder-emblem.svg","missing","true"
"sangmyung-university-seoul-본교","sangmyung-university-seoul-본교","상명대학교","본교","assets/university-emblems/placeholder-emblem.svg","missing","true"
"sahmyook-university-본교","sahmyook-university-본교","삼육대학교","본교","assets/university-emblems/placeholder-emblem.svg","missing","true"
"busan-presbyterian-university-본교","busan-presbyterian-university-본교","부산장신대학교","본교","assets/university-emblems/placeholder-emblem.svg","missing","true"
"yewon-arts-university-본교","yewon-arts-university-본교","예원예술대학교","본교","assets/university-emblems/placeholder-emblem.svg","missing","true"
"jesus-university-본교","jesus-university-본교","예수대학교","본교","assets/university-emblems/placeholder-emblem.svg","missing","true"
"youngsan-university-of-seon-studies-본교","youngsan-university-of-seon-studies-본교","영산선학대학교","본교","assets/university-emblems/placeholder-emblem.svg","missing","true"
"youngsan-university-제2캠퍼","youngsan-university-제2캠퍼","영산대학교(해운대) 제2캠퍼","캠퍼스","assets/university-emblems/placeholder-emblem.svg","missing","true"
"youngsan-university-본교","youngsan-university-본교","영산대학교(양산)","본교","assets/university-emblems/placeholder-emblem.svg","missing","true"
"youngnam-theological-university-seminary-본교","youngnam-theological-university-seminary-본교","영남신학대학교","본교","assets/university-emblems/placeholder-emblem.svg","missing","true"
"yonsei-university-mirae-campus-분교","yonsei-university-mirae-campus-분교","연세대학교(미래) 분교","캠퍼스","assets/university-emblems/placeholder-emblem.svg","missing","true"
"anyang-university-제2캠퍼","anyang-university-제2캠퍼","안양대학교 제2캠퍼","캠퍼스","assets/university-emblems/placeholder-emblem.svg","missing","true"
"anyang-university-본교","anyang-university-본교","안양대학교","본교","assets/university-emblems/placeholder-emblem.svg","missing","true"
"acts-university-본교","acts-university-본교","아신대학교","본교","assets/university-emblems/placeholder-emblem.svg","missing","true"
"shinhan-university-제2캠퍼","shinhan-university-제2캠퍼","신한대학교 제2캠퍼","캠퍼스","assets/university-emblems/placeholder-emblem.svg","missing","true"
"shinhan-unvirsity-본교","shinhan-unvirsity-본교","신한대학교","본교","assets/university-emblems/placeholder-emblem.svg","missing","true"
"silla-university-본교","silla-university-본교","신라대학교","본교","assets/university-emblems/placeholder-emblem.svg","missing","true"
"singyeongju-university-본교","singyeongju-university-본교","신경주대학교","본교","assets/university-emblems/placeholder-emblem.svg","missing","true"
"soonchunhyang-university-본교","soonchunhyang-university-본교","순천향대학교","본교","assets/university-emblems/placeholder-emblem.svg","missing","true"
"sookmyung-womens-university-본교","sookmyung-womens-university-본교","숙명여자대학교","본교","assets/university-emblems/placeholder-emblem.svg","missing","true"
"the-university-of-suwon-본교","the-university-of-suwon-본교","수원대학교","본교","assets/university-emblems/placeholder-emblem.svg","missing","true"
"suwon-catholic-university-본교","suwon-catholic-university-본교","수원가톨릭대학교","본교","assets/university-emblems/placeholder-emblem.svg","missing","true"
"songwon-university-본교","songwon-university-본교","송원대학교","본교","assets/university-emblems/placeholder-emblem.svg","missing","true"
"sehan-university-본교","sehan-university-본교","세한대학교","본교","assets/university-emblems/placeholder-emblem.svg","missing","true"
"jeonju-university-본교","jeonju-university-본교","전주대학교","본교","assets/university-emblems/placeholder-emblem.svg","missing","true"
"jeonju-national-university-of-education-본교","jeonju-national-university-of-education-본교","전주교육대학교","본교","assets/university-emblems/placeholder-emblem.svg","missing","true"
"presbyterian-university-theological-seminary-본교","presbyterian-university-theological-seminary-본교","장로회신학대학교","본교","assets/university-emblems/placeholder-emblem.svg","missing","true"
"incheon-national-university-본교","incheon-national-university-본교","인천대학교","본교","assets/university-emblems/placeholder-emblem.svg","missing","true"
"incheon-catholic-university-제2캠퍼","incheon-catholic-university-제2캠퍼","인천가톨릭대학교 제2캠퍼","캠퍼스","assets/university-emblems/placeholder-emblem.svg","missing","true"
"incheon-catholic-university-본교","incheon-catholic-university-본교","인천가톨릭대학교","본교","assets/university-emblems/placeholder-emblem.svg","missing","true"
"inje-university-제2캠퍼","inje-university-제2캠퍼","인제대학교 제2캠퍼","캠퍼스","assets/university-emblems/placeholder-emblem.svg","missing","true"
"inje-university-본교","inje-university-본교","인제대학교","본교","assets/university-emblems/placeholder-emblem.svg","missing","true"
"eulji-university-제3캠퍼","eulji-university-제3캠퍼","을지대학교 제3캠퍼","캠퍼스","assets/university-emblems/placeholder-emblem.svg","missing","true"
"eulji-university-제2캠퍼","eulji-university-제2캠퍼","을지대학교 제2캠퍼","캠퍼스","assets/university-emblems/placeholder-emblem.svg","missing","true"
"eulji-university-본교","eulji-university-본교","을지대학교","본교","assets/university-emblems/placeholder-emblem.svg","missing","true"
"u1-university-본교","u1-university-본교","유원대학교","본교","assets/university-emblems/placeholder-emblem.svg","missing","true"
"uiduk-university-본교","uiduk-university-본교","위덕대학교","본교","assets/university-emblems/placeholder-emblem.svg","missing","true"
"wonkwang-university-본교","wonkwang-university-본교","원광대학교","본교","assets/university-emblems/placeholder-emblem.svg","missing","true"
"university-of-ulsan-본교","university-of-ulsan-본교","울산대학교","본교","assets/university-emblems/placeholder-emblem.svg","missing","true"
"woosong-university-본교","woosong-university-본교","우송대학교","본교","assets/university-emblems/placeholder-emblem.svg","missing","true"
"woosuk-university-본교","woosuk-university-본교","우석대학교","본교","assets/university-emblems/placeholder-emblem.svg","missing","true"
"yong-in-university-본교","yong-in-university-본교","용인대학교","본교","assets/university-emblems/placeholder-emblem.svg","missing","true"
"yewon-arts-university-제2캠퍼","yewon-arts-university-제2캠퍼","예원예술대학교 제2캠퍼","캠퍼스","assets/university-emblems/placeholder-emblem.svg","missing","true"
"tech-university-of-korea-본교","tech-university-of-korea-본교","한국공학대학교","본교","assets/university-emblems/placeholder-emblem.svg","missing","true"
"hankyong-national-university-본교","hankyong-national-university-본교","한경국립대학교","본교","assets/university-emblems/placeholder-emblem.svg","missing","true"
"pyeongtaek-university-본교","pyeongtaek-university-본교","평택대학교","본교","assets/university-emblems/placeholder-emblem.svg","missing","true"
"calvin-university-본교","calvin-university-본교","칼빈대학교","본교","assets/university-emblems/placeholder-emblem.svg","missing","true"
"chuncheon-national-university-of-education-본교","chuncheon-national-university-of-education-본교","춘천교육대학교","본교","assets/university-emblems/placeholder-emblem.svg","missing","true"
"chugye-university-for-the-arts-본교","chugye-university-for-the-arts-본교","추계예술대학교","본교","assets/university-emblems/placeholder-emblem.svg","missing","true"
"chongshin-university-본교","chongshin-university-본교","총신대학교","본교","assets/university-emblems/placeholder-emblem.svg","missing","true"
"chodang-university-본교","chodang-university-본교","초당대학교","본교","assets/university-emblems/placeholder-emblem.svg","missing","true"
"cheongju-university-본교","cheongju-university-본교","청주대학교","본교","assets/university-emblems/placeholder-emblem.svg","missing","true"
"cheongju-national-university-of-education-본교","cheongju-national-university-of-education-본교","청주교육대학교","본교","assets/university-emblems/placeholder-emblem.svg","missing","true"
"chungwoon-university-본교","chungwoon-university-본교","청운대학교","본교","assets/university-emblems/placeholder-emblem.svg","missing","true"
"changshin-university-본교","changshin-university-본교","창신대학교","본교","assets/university-emblems/placeholder-emblem.svg","missing","true"
"cha-university-본교","cha-university-본교","차의과학대학교","본교","assets/university-emblems/placeholder-emblem.svg","missing","true"
"chinju-national-uinversity-of-education-본교","chinju-national-uinversity-of-education-본교","진주교육대학교","본교","assets/university-emblems/placeholder-emblem.svg","missing","true"
"jungwon-university-본교","jungwon-university-본교","중원대학교","본교","assets/university-emblems/placeholder-emblem.svg","missing","true"
"joong-ang-sangha-university-본교","joong-ang-sangha-university-본교","중앙승가대학교","본교","assets/university-emblems/placeholder-emblem.svg","missing","true"
"chung-ang-university-제2캠퍼","chung-ang-university-제2캠퍼","중앙대학교 제2캠퍼","캠퍼스","assets/university-emblems/placeholder-emblem.svg","missing","true"
"joongbu-university-본교","joongbu-university-본교","중부대학교","본교","assets/university-emblems/placeholder-emblem.svg","missing","true"
"jejuinternationaluniversity-본교","jejuinternationaluniversity-본교","제주국제대학교","본교","assets/university-emblems/placeholder-emblem.svg","missing","true"
"haniluniv-presb-theol-sem-본교","haniluniv-presb-theol-sem-본교","한일장신대학교","본교","assets/university-emblems/placeholder-emblem.svg","missing","true"
"hanyang-university-erica-campus-분교","hanyang-university-erica-campus-분교","한양대학교(ERICA) 분교","캠퍼스","assets/university-emblems/placeholder-emblem.svg","missing","true"
"hanshin-university-본교","hanshin-university-본교","한신대학교","본교","assets/university-emblems/placeholder-emblem.svg","missing","true"
"hansei-university-본교","hansei-university-본교","한세대학교","본교","assets/university-emblems/placeholder-emblem.svg","missing","true"
"hansung-university-본교","hansung-university-본교","한성대학교","본교","assets/university-emblems/placeholder-emblem.svg","missing","true"
"hanseo-university-본교","hanseo-university-본교","한서대학교","본교","assets/university-emblems/placeholder-emblem.svg","missing","true"
"hallym-university-본교","hallym-university-본교","한림대학교","본교","assets/university-emblems/placeholder-emblem.svg","missing","true"
"halla-university-본교","halla-university-본교","한라대학교","본교","assets/university-emblems/placeholder-emblem.svg","missing","true"
"handong-global-university-본교","handong-global-university-본교","한동대학교","본교","assets/university-emblems/placeholder-emblem.svg","missing","true"
"hannam-university-본교","hannam-university-본교","한남대학교","본교","assets/university-emblems/placeholder-emblem.svg","missing","true"
"korea-baptist-theological-university-seminary-본교","korea-baptist-theological-university-seminary-본교","한국침례신학대학교","본교","assets/university-emblems/placeholder-emblem.svg","missing","true"
"korea-national-sport-university-본교","korea-national-sport-university-본교","한국체육대학교","본교","assets/university-emblems/placeholder-emblem.svg","missing","true"
"korea-national-university-of-heritage-본교","korea-national-university-of-heritage-본교","한국전통문화대학교","본교","assets/university-emblems/placeholder-emblem.svg","missing","true"
"korea-institute-of-energy-technology-본교","korea-institute-of-energy-technology-본교","한국에너지공과대학교","본교","assets/university-emblems/placeholder-emblem.svg","missing","true"
"korean-bible-university-본교","korean-bible-university-본교","한국성서대학교","본교","assets/university-emblems/placeholder-emblem.svg","missing","true"
"hwasung-medi-science-university-본교","hwasung-medi-science-university-본교","화성의과학대학교","본교","assets/university-emblems/placeholder-emblem.svg","missing","true"
"hongik-university-제2캠퍼","hongik-university-제2캠퍼","홍익대학교 제2캠퍼","캠퍼스","assets/university-emblems/placeholder-emblem.svg","missing","true"
"howon-university-본교","howon-university-본교","호원대학교","본교","assets/university-emblems/placeholder-emblem.svg","missing","true"
"hoseo-university-본교","hoseo-university-본교","호서대학교","본교","assets/university-emblems/placeholder-emblem.svg","missing","true"
"honam-theological-university-seminary-본교","honam-theological-university-seminary-본교","호남신학대학교","본교","assets/university-emblems/placeholder-emblem.svg","missing","true"
"honam-university-본교","honam-university-본교","호남대학교","본교","assets/university-emblems/placeholder-emblem.svg","missing","true"
"hyupsung-university-본교","hyupsung-university-본교","협성대학교","본교","assets/university-emblems/placeholder-emblem.svg","missing","true"
"catholic-kkottongnae-university","catholic-kkottongnae-university","가톨릭꽃동네대학교","본교","assets/university-emblems/placeholder-emblem.svg","missing","true"
"daegu-arts-university","daegu-arts-university","대구예술대학교","본교","assets/university-emblems/placeholder-emblem.svg","missing","true"
"sungkyunkwan-university-natural-sciences","sungkyunkwan-university-natural-sciences","성균관대학교 자연과학캠퍼스","이원화캠퍼스","assets/university-emblems/placeholder-emblem.svg","missing","true"
"kyunghee-university-global","kyunghee-university-global","경희대학교 국제캠퍼스","이원화캠퍼스","assets/university-emblems/placeholder-emblem.svg","missing","true"
"hufs-global-campus","hufs-global-campus","한국외국어대학교 글로벌캠퍼스","이원화캠퍼스","assets/university-emblems/placeholder-emblem.svg","missing","true"
"gachon-university-medical","gachon-university-medical","가천대학교 메디컬캠퍼스","이원화캠퍼스","assets/university-emblems/placeholder-emblem.svg","missing","true"
"kangwon-national-university-samcheok","kangwon-national-university-samcheok","강원대학교 삼척캠퍼스","이원화캠퍼스","assets/university-emblems/placeholder-emblem.svg","missing","true"
"kangwon-national-university-dogye","kangwon-national-university-dogye","강원대학교 도계캠퍼스","이원화캠퍼스","assets/university-emblems/placeholder-emblem.svg","missing","true"
"kongju-national-university-cheonan","kongju-national-university-cheonan","국립공주대학교 천안캠퍼스","이원화캠퍼스","assets/university-emblems/placeholder-emblem.svg","missing","true"
"kongju-national-university-yesan","kongju-national-university-yesan","국립공주대학교 예산캠퍼스","이원화캠퍼스","assets/university-emblems/placeholder-emblem.svg","missing","true"
"knut-jeungpyeong-campus","knut-jeungpyeong-campus","국립한국교통대학교 증평캠퍼스","이원화캠퍼스","assets/university-emblems/placeholder-emblem.svg","missing","true"
"knut-uiwang-campus","knut-uiwang-campus","국립한국교통대학교 의왕캠퍼스","이원화캠퍼스","assets/university-emblems/placeholder-emblem.svg","missing","true"
"chungbuk-national-university-osong","chungbuk-national-university-osong","충북대학교 오송캠퍼스","이원화캠퍼스","assets/university-emblems/placeholder-emblem.svg","missing","true"
"pusan-national-university-miryang","pusan-national-university-miryang","부산대학교 밀양캠퍼스","이원화캠퍼스","assets/university-emblems/placeholder-emblem.svg","missing","true"
"pusan-national-university-yangsan","pusan-national-university-yangsan","부산대학교 양산캠퍼스","이원화캠퍼스","assets/university-emblems/placeholder-emblem.svg","missing","true"
"gyeongsang-national-university-chilam","gyeongsang-national-university-chilam","경상국립대학교 칠암캠퍼스","이원화캠퍼스","assets/university-emblems/placeholder-emblem.svg","missing","true"
"gyeongsang-national-university-tongyeong","gyeongsang-national-university-tongyeong","경상국립대학교 통영캠퍼스","이원화캠퍼스","assets/university-emblems/placeholder-emblem.svg","missing","true"
"kyungpook-national-university-sangju","kyungpook-national-university-sangju","경북대학교 상주캠퍼스","이원화캠퍼스","assets/university-emblems/placeholder-emblem.svg","missing","true"
"dong-a-university-bumin","dong-a-university-bumin","동아대학교 부민캠퍼스","이원화캠퍼스","assets/university-emblems/placeholder-emblem.svg","missing","true"
"dong-a-university-gudeok","dong-a-university-gudeok","동아대학교 구덕캠퍼스","이원화캠퍼스","assets/university-emblems/placeholder-emblem.svg","missing","true"
"chonnam-national-university-yeosu","chonnam-national-university-yeosu","전남대학교 여수캠퍼스","이원화캠퍼스","assets/university-emblems/placeholder-emblem.svg","missing","true"
"jeonbuk-national-university-iksan","jeonbuk-national-university-iksan","전북대학교 특성화캠퍼스","이원화캠퍼스","assets/university-emblems/placeholder-emblem.svg","missing","true"
"yonsei-university-international","yonsei-university-international","연세대학교 국제캠퍼스","이원화캠퍼스","assets/university-emblems/placeholder-emblem.svg","missing","true"